don_name,donor_id,address,is_member,don_email,don_phone,d_type,city,country,s_id
"Russo, Sandoval and Green",271,"63061 Michael Streets Apt. 715, Quinnmouth, PA 51628",TRUE,russo_sandoval_and_green@example.com,5707915121,individual,Port James,Liechtenstein,1338
William Fry,492,"10519 Cathy Tunnel Suite 849, Teresamouth, MP 01889",FALSE,william_fry@example.com,5633116711,organization,Deanberg,Bouvet Island (Bouvetoya),1098
John Wilson,315,"386 Porter Club Apt. 567, Lake Thomas, MP 65555",TRUE,john_wilson@example.com,7824993765,organization,Hillfurt,Netherlands Antilles,1348
Holmes-Yang,450,"1460 Crystal Spring Apt. 971, West Michaelland, VT 11285",TRUE,holmes-yang@example.com,1546645911,individual,Jessicastad,Falkland Islands (Malvinas),1312
Moss Ltd,397,"55264 Nash Key, Brianborough, PA 66328",TRUE,moss_ltd@example.com,1667146803,organization,New Erik,Algeria,1177
Raymond Campbell,103,"0501 Kristen Path, North Karen, NE 55322",FALSE,raymond_campbell@example.com,2891213871,individual,North Lisa,Hungary,1255
Susan Franco,292,"USNS Wright, FPO AE 46582",TRUE,susan_franco@example.com,1436472727,individual,New Wyattstad,Cuba,1233
Angel Vincent,220,"014 Ibarra Roads, West James, ME 29799",TRUE,angel_vincent@example.com,9835739365,organization,Shawnmouth,French Southern Territories,1006
Elaine Martin,389,"861 Fritz Turnpike Suite 888, North Christy, MO 93481",TRUE,elaine_martin@example.com,6962606333,organization,North Angelaville,Congo,1368
Silva LLC,227,"896 Charles Junction, Weaverchester, NM 41329",FALSE,silva_llc@example.com,6742883760,individual,Port Kristenhaven,Anguilla,1262
Holden-Conner,265,"3108 Adams Inlet, South Wendyberg, WI 48800",TRUE,holden-conner@example.com,2207909433,individual,Danieltown,Holy See (Vatican City State),1333
Jeremy Mckinney,428,"USNV Black, FPO AP 73390",FALSE,jeremy_mckinney@example.com,9752347588,individual,Mcdowellton,Croatia,1313
Parks-Kelley,123,"80492 Carter Mills, Port Jessicatown, IL 79752",TRUE,parks-kelley@example.com,6009712472,individual,Port Paul,Holy See (Vatican City State),1131
Carter Inc,102,"90129 Hines Mountains Apt. 482, Lake Timothyside, PW 01810",TRUE,carter_inc@example.com,5677164061,organization,Lake Ronaldmouth,Romania,1014
Lee LLC,250,"26385 Paula Crossroad Apt. 203, North Laurenville, SC 82908",FALSE,lee_llc@example.com,2471875412,organization,West Karlaland,Vanuatu,1127
Franco-Cruz,109,"56124 Davis Way Apt. 578, Marissaland, ND 73472",TRUE,franco-cruz@example.com,2016545584,organization,Karinaview,Slovenia,1194
Jennifer Wise,162,"354 Rogers Plain Apt. 290, North Brian, NH 62415",TRUE,jennifer_wise@example.com,9460251258,organization,South Ryan,Indonesia,1008
Cole-Whitehead,294,"9760 Adrian Shores Suite 881, South Shaunchester, TX 12560",FALSE,cole-whitehead@example.com,7593352307,individual,Christinamouth,Guernsey,1044
Conner Ltd,374,"5527 Cody Summit Apt. 407, East Nicholasstad, OK 74338",FALSE,conner_ltd@example.com,3358781236,individual,Ellisfort,Colombia,1191
Pedro Cook,272,"2730 Amy Stream, West Edwinchester, OR 84005",FALSE,pedro_cook@example.com,3086767585,organization,East Tanner,Cayman Islands,1386
"Wilson, Gregory and Austin",367,"776 Kevin Drives, Alexanderport, NM 10618",TRUE,wilson_gregory_and_austin@example.com,8957265388,individual,New Robertstad,Bolivia,1110
Hunt-Perez,195,"57566 Spencer Roads Apt. 712, Cooperhaven, MH 32845",TRUE,hunt-perez@example.com,9444315912,individual,New Ronald,France,1113
Karen Palmer,285,"1751 Claudia Junctions, New Melissashire, AZ 77929",TRUE,karen_palmer@example.com,1542136191,individual,Martinside,Christmas Island,1056
Bradley Garcia,355,"80724 Ryan Port Suite 085, North Arthurmouth, RI 66188",TRUE,bradley_garcia@example.com,8172918969,individual,West Jasmine,Cote d'Ivoire,1223
David Camacho,396,"88614 Noble Avenue, New Hannah, SC 15307",TRUE,david_camacho@example.com,1153186326,organization,Rachelview,Thailand,1229
Steven Henry,487,"050 Julia Circle, Langmouth, RI 57469",TRUE,steven_henry@example.com,6894862079,individual,Banksborough,Armenia,1241
"Cannon, Sullivan and Nelson",268,"Unit 6787 Box 0999, DPO AP 08307",FALSE,cannon_sullivan_and_nelson@example.com,3269684664,individual,Scottberg,Montserrat,1301
"Burton, Hall and Barrera",245,"4349 Sarah Squares Apt. 782, North Kelly, ID 71981",FALSE,burton_hall_and_barrera@example.com,1501854427,individual,Petersonstad,Northern Mariana Islands,1036
Stephanie Nichols,237,"50619 Bell Brook Suite 759, Lisaberg, NM 06270",FALSE,stephanie_nichols@example.com,7067016680,organization,North Justin,Belgium,1356
"Chang, Bush and Wolf",115,"809 Davis Inlet, Jamesmouth, SD 42610",FALSE,chang_bush_and_wolf@example.com,9583255205,organization,North Christine,Belarus,1158
Turner and Sons,207,"718 Leon Courts Suite 911, Robertborough, WA 62412",FALSE,turner_and_sons@example.com,4716816174,organization,Harveymouth,Lebanon,1311
"Bautista, Myers and Short",405,"3491 Francisco Junctions, North Patriciabury, SC 27104",TRUE,bautista_myers_and_short@example.com,8231524802,individual,North Tinastad,Nicaragua,1210
Michael Newman,469,"USNV Cole, FPO AP 18740",FALSE,michael_newman@example.com,5963666210,individual,Lauramouth,Montserrat,1045
Tonya Blake,433,"24856 Medina Park Suite 100, Kevinchester, KY 22425",TRUE,tonya_blake@example.com,2700183477,individual,Wendyland,Maldives,1238
Kevin Cummings,380,"PSC 9039, Box 4031, APO AE 74127",FALSE,kevin_cummings@example.com,1550436963,organization,Lake Angela,Holy See (Vatican City State),1027
"Gilbert, Powell and Jones",410,"024 Mueller Turnpike Suite 077, Stephanieborough, GA 33567",TRUE,gilbert_powell_and_jones@example.com,9473057354,individual,Marshbury,Georgia,1226
Gina Andrews DDS,443,"Unit 9575 Box 1829, DPO AA 27069",TRUE,gina_andrews_dds@example.com,1719277822,organization,North Brianville,Romania,1040
Christopher Stout,385,"67211 Lonnie Alley Apt. 725, Angelastad, NE 52439",FALSE,christopher_stout@example.com,6229913428,individual,Ramostown,Andorra,1129
Hannah Evans,308,"4572 West Stream, South Stephanie, ND 00695",TRUE,hannah_evans@example.com,2171377868,organization,South Sarahside,Cuba,1007
"Maldonado, Mitchell and Tucker",343,"7505 Mason Estate, Lake Paulstad, OR 50450",FALSE,maldonado_mitchell_and_tucker@example.com,2003004031,individual,South Jamesland,Christmas Island,1060
Melissa Kelly,386,"3465 Tammy Viaduct, Smithfort, PA 46633",FALSE,melissa_kelly@example.com,7594614732,individual,North Michael,Estonia,1370
Schroeder PLC,479,"0167 Andrew Row, Christinehaven, NJ 20120",TRUE,schroeder_plc@example.com,2314451608,organization,West Leslie,Pitcairn Islands,1141
Victoria Fox,420,"2499 Gregory Forges, West Tamaraside, IA 71506",FALSE,victoria_fox@example.com,9697814679,organization,Huntland,Venezuela,1250
Kathy Miller,249,"587 Price Canyon, West Christie, PR 61304",FALSE,kathy_miller@example.com,7852030399,individual,Laurenshire,Grenada,1017
"Nelson, Payne and Brown",368,"434 Miguel Inlet Suite 604, New Stephaniestad, AL 63149",FALSE,nelson_payne_and_brown@example.com,7807101141,organization,Brooketown,Malawi,1195
Vanessa Black,181,"701 Chad Station Apt. 123, Timothymouth, TX 64317",TRUE,vanessa_black@example.com,3806066019,organization,Benderview,Saint Pierre and Miquelon,1285
"Jones, Watson and Boyer",108,"976 Danielle Harbors Suite 224, Port Kristopherville, TN 80755",TRUE,jones_watson_and_boyer@example.com,9606173701,organization,North Gloriaville,Niger,1322
Strickland and Sons,192,"391 Scott Views, Patelborough, SC 48490",FALSE,strickland_and_sons@example.com,6748617071,organization,Brandonport,Norway,1009
Johnson-Sanders,392,"50593 Shannon Street Apt. 533, Ginahaven, DC 24280",FALSE,johnson-sanders@example.com,4945669100,organization,East Jason,El Salvador,1104
Lawrence Miller,122,"6965 Patricia Lodge, Lake Samanthaberg, OR 39680",FALSE,lawrence_miller@example.com,2906591549,individual,Petersonton,Mauritania,1119
Cameron Jones,104,"3596 Gerald Villages, West Kevinstad, LA 73359",TRUE,cameron_jones@example.com,4223815100,organization,Riceburgh,Nigeria,1147
Hahn PLC,184,"32731 Fisher Stream Suite 634, Beniteztown, SD 50751",FALSE,hahn_plc@example.com,3315785759,organization,North Stephenland,Panama,1022
"Ryan, Decker and Smith",334,"60952 Blake Trafficway, New Kathryn, CA 41998",FALSE,ryan_decker_and_smith@example.com,5241197033,organization,West Gerald,Saudi Arabia,1061
Vincent PLC,255,"251 Elijah Valley Suite 863, Lake Emma, MP 94333",FALSE,vincent_plc@example.com,4247647897,organization,Mooreberg,San Marino,1092
Burns LLC,324,"706 Felicia Road, Hartmouth, HI 18937",FALSE,burns_llc@example.com,4892468504,organization,Vasquezport,San Marino,1117
Linda Woodward,238,"014 Meredith Center Suite 589, Lake Ryan, MT 94011",TRUE,linda_woodward@example.com,2431712627,organization,Alyssaville,Zambia,1022
Lawson-Hopkins,409,"USCGC Vaughn, FPO AE 99870",TRUE,lawson-hopkins@example.com,3726086208,individual,Medinaview,Turks and Caicos Islands,1228
David Strong,216,"USNS Robinson, FPO AE 14442",TRUE,david_strong@example.com,5915641777,organization,East Jennifer,Wallis and Futuna,1286
Nicole Rowe,363,"56450 White Track, West Jamesview, NV 34742",FALSE,nicole_rowe@example.com,6590777373,organization,Port Christian,Marshall Islands,1063
Austin Padilla,189,"8868 Campbell Road Suite 490, North Emilymouth, TX 03697",FALSE,austin_padilla@example.com,1917473212,individual,North Marc,Syrian Arab Republic,1191
Sarah Hinton,150,"2543 Gregory Meadow, East Alan, WY 69846",FALSE,sarah_hinton@example.com,1956044302,individual,Hallview,Saint Barthelemy,1292
"Welch, Kaufman and Rivera",138,"288 Maria Courts, New Trevorton, VA 89092",TRUE,welch_kaufman_and_rivera@example.com,9541203327,organization,Williamton,China,1152
Robert White,348,"646 Brandon Divide Apt. 341, South Michaelbury, NE 84936",FALSE,robert_white@example.com,5933326690,organization,Christinamouth,Vanuatu,1394
Gerald Bishop,172,"194 Carlos Prairie, Port Brent, PW 45968",TRUE,gerald_bishop@example.com,2386617275,individual,South Timothyburgh,Wallis and Futuna,1161
Laurie Nelson,414,"425 Reeves Estate, South Christine, OH 51713",TRUE,laurie_nelson@example.com,2780790377,organization,Caldwellview,Mozambique,1032
Katie Gregory,451,"126 Lynn Park Suite 186, East Derrick, AS 02762",FALSE,katie_gregory@example.com,7426894236,organization,Port Alexanderfurt,New Caledonia,1080
James Johnson,140,"3651 Armstrong Flat Apt. 050, South Carolynbury, ID 39968",FALSE,james_johnson@example.com,5666338406,organization,New Jonathan,Belgium,1397
Collins PLC,452,"894 Wagner Stravenue, Martinview, FM 86724",TRUE,collins_plc@example.com,9790192394,individual,Joshuafort,Holy See (Vatican City State),1182
Melissa Valdez,217,"27767 Bradley Walks Suite 577, Brittanyview, IA 72862",FALSE,melissa_valdez@example.com,5998419031,organization,Hughesstad,Moldova,1259
Wolfe-Maldonado,290,"38493 Robert Camp Apt. 703, South Georgehaven, LA 11976",FALSE,wolfe-maldonado@example.com,8610089449,organization,South Chaseshire,Vanuatu,1390
"Wise, Brown and Davis",471,"7028 Michael Knolls Apt. 401, North Jessica, OH 52042",TRUE,wise_brown_and_davis@example.com,5391928024,organization,New Karen,Bahrain,1103
Alfred Mcdonald,305,"6908 Morris Field, Stevenshire, NY 55418",FALSE,alfred_mcdonald@example.com,3721182265,individual,Leeport,Djibouti,1278
Bryan Johnson,242,"20440 Powers Skyway Apt. 013, Stevensmouth, CT 57176",TRUE,bryan_johnson@example.com,9533357973,individual,Conwayfurt,Vanuatu,1347
"Baird, Boyle and Price",448,"53466 Kevin Forest, East Olivia, MT 85377",TRUE,baird_boyle_and_price@example.com,3214456905,organization,Morganhaven,India,1236
Timothy Delgado Jr.,125,"471 Rios Flats Suite 193, Morganfort, DC 93820",TRUE,timothy_delgado_jr@example.com,7886491015,individual,Lake Patrick,Solomon Islands,1036
Alvarez and Sons,328,"874 Webster Overpass Apt. 430, Lake Janetton, CO 28413",FALSE,alvarez_and_sons@example.com,6314972877,individual,Port Heatherbury,China,1382
Conrad-Lewis,281,"249 Miller Passage, Lake Melaniechester, ME 92969",FALSE,conrad-lewis@example.com,8177512180,organization,Cameronview,Armenia,1142
Emily Smith,280,"029 Scott Squares, West Mary, AS 12160",FALSE,emily_smith@example.com,7741297202,individual,Brandonshire,Korea,1003
Christensen-Jones,219,"225 Mack Crest Apt. 974, Johnchester, FL 56040",FALSE,christensen-jones@example.com,1431110290,organization,Katherinefurt,Christmas Island,1040
Michelle Clay,421,"PSC 0792, Box 6303, APO AE 45166",TRUE,michelle_clay@example.com,1281453074,organization,Alanborough,Mongolia,1164
"Roth, Woods and Hernandez",158,"62625 Hines Neck Suite 456, Melodyside, KY 90167",TRUE,roth_woods_and_hernandez@example.com,9318589262,individual,New Brent,Sudan,1285
Morgan-Payne,331,"2268 Lance Valley, New Matthewport, UT 37890",TRUE,morgan-payne@example.com,1147738803,organization,West Jennifer,Sudan,1102
Nicholas Smith,483,"869 Reed Haven, Troyshire, PA 99156",FALSE,nicholas_smith@example.com,2618951558,organization,Sancheztown,Barbados,1345
Chavez-Wilson,170,"96425 Lee Cliff Apt. 473, East Nathanland, VI 92899",TRUE,chavez-wilson@example.com,3166084418,individual,Lake Brooke,Gibraltar,1310
Jennifer Griffith,165,"811 Evans Mountains Apt. 104, South Kristinberg, DC 34954",TRUE,jennifer_griffith@example.com,8570237334,organization,West Christine,Iraq,1383
Catherine Navarro,351,"89503 Samuel Knolls, Lake Beverlyberg, OH 24490",TRUE,catherine_navarro@example.com,3591464428,individual,Yoderburgh,Northern Mariana Islands,1209
Sawyer-Grant,424,"526 Amanda Flat Suite 118, Campbellfort, NH 36899",FALSE,sawyer-grant@example.com,4967176664,organization,Teresashire,Samoa,1340
Bob Smith,132,"60501 Sandra Mill Suite 073, Kristinville, MP 61245",FALSE,bob_smith@example.com,4003359274,organization,Perezberg,Guinea-Bissau,1253
Brandon Edwards,311,"077 Anne Ports Apt. 083, Jessicashire, GA 05261",TRUE,brandon_edwards@example.com,5169852566,organization,Morganbury,Dominican Republic,1124
Mallory Wright,183,"71902 Logan Junctions, Mcbridehaven, PA 30672",FALSE,mallory_wright@example.com,6709073385,individual,Anastad,Equatorial Guinea,1375
"Kim, Curtis and Cox",336,"Unit 2918 Box 9886, DPO AP 97928",TRUE,kim_curtis_and_cox@example.com,8675271012,individual,East Joshua,Sudan,1058
Carly Ramos,131,"469 Caroline Isle, Laurenmouth, AR 62822",FALSE,carly_ramos@example.com,9605457539,individual,Sharpberg,Greece,1197
Sherri Patterson,215,"6335 Renee Drives Apt. 343, East Ariel, FL 72828",FALSE,sherri_patterson@example.com,2464332957,organization,West Dylan,Bolivia,1314
Mrs. Veronica Parker,499,"1357 Chen Harbor Suite 604, West Laura, KY 79195",FALSE,mrs_veronica_parker@example.com,6920381116,organization,North Michael,Chile,1295
Ashley Edwards,274,"2851 Carpenter Way Apt. 630, Michaelburgh, SC 57697",TRUE,ashley_edwards@example.com,5718233046,individual,Torresland,Panama,1320
Monique Bennett,475,"5930 Brown Manors Suite 851, Norrisport, NV 85443",TRUE,monique_bennett@example.com,4688369855,organization,West Colin,Bolivia,1046
Clark PLC,379,"932 Lopez Springs Suite 699, Stephaniehaven, NY 23279",TRUE,clark_plc@example.com,7614180635,individual,Lawrenceburgh,Kyrgyz Republic,1384
Smith Inc,144,"87075 Brenda Streets Suite 496, Jenningsfurt, OR 18548",TRUE,smith_inc@example.com,6263764118,organization,Christophermouth,Niger,1205
Maria Greer,398,"007 Le Plains Suite 425, Moraleshaven, NJ 27995",TRUE,maria_greer@example.com,5997433788,individual,Robertton,Luxembourg,1284
"Wilson, Soto and Burns",142,"46727 Lucero Lodge, Kevinberg, IA 06208",FALSE,wilson_soto_and_burns@example.com,8019108750,organization,Weberchester,Swaziland,1327
Christopher Hartman,191,"49933 Castillo Flat Suite 827, Evansstad, OK 54237",TRUE,christopher_hartman@example.com,3487484458,individual,Currytown,Nepal,1108
Janice Harris MD,485,"447 Heather Ford Apt. 023, Robertstown, OR 08018",TRUE,janice_harris_md@example.com,5342775318,individual,Lake Dawnland,French Southern Territories,1010
Brown-Thomas,480,"4892 Edwin Plaza, Barbarachester, OK 31686",TRUE,brown-thomas@example.com,3880060645,individual,West Crystalside,Bulgaria,1057
Donald Moore,177,"44470 Reynolds Burg, Lake Jamie, HI 69929",TRUE,donald_moore@example.com,1569111663,individual,Martinezshire,Mauritania,1398
Joshua Walton,178,"3733 Bradshaw Trafficway, South Emilyton, IL 96048",TRUE,joshua_walton@example.com,4664935439,organization,New Stephenborough,Azerbaijan,1174
Laura Rivas,440,"747 Amanda Ranch, East Catherinehaven, MH 08869",TRUE,laura_rivas@example.com,1236099676,organization,South Bradley,Micronesia,1192
Preston LLC,287,"405 Emily Groves, Charlottehaven, NC 81820",TRUE,preston_llc@example.com,9299930961,individual,Taylorbury,Wallis and Futuna,1092
Brittney Wong,303,"7093 Wright Bypass Apt. 647, North Amandaville, VA 08806",TRUE,brittney_wong@example.com,4220290551,organization,Stevenfurt,Papua New Guinea,1132
Ashley Vega,449,"8304 Stout Flats Suite 482, North Kellytown, SD 44386",TRUE,ashley_vega@example.com,9311328187,individual,East Martinville,Malta,1143
Michael Poole,301,"2040 Carter Prairie Apt. 775, Port Bonniehaven, AR 67330",TRUE,michael_poole@example.com,3770169676,organization,Port Ryanmouth,Paraguay,1177
Lindsey Moses,364,"39806 Dawn Place Suite 361, New Shelbymouth, NJ 33844",FALSE,lindsey_moses@example.com,6041985051,organization,South Michellemouth,Nepal,1263
Mcdowell PLC,497,"2533 Campos Centers, South Danielle, LA 72691",FALSE,mcdowell_plc@example.com,2205490758,organization,New Marcus,Kyrgyz Republic,1124
Mike Lindsey,415,"USNV Green, FPO AP 50939",TRUE,mike_lindsey@example.com,9202350723,organization,New Maureen,Jamaica,1311
"Evans, Chavez and Erickson",470,"4505 Tony Views Suite 977, Port Frank, ME 78131",FALSE,evans_chavez_and_erickson@example.com,3987999464,individual,Andradestad,American Samoa,1045
Andrea Garcia,350,"5829 House Pass, Lake Royfort, RI 13224",FALSE,andrea_garcia@example.com,5090181449,organization,Joshuastad,Saint Vincent and the Grenadines,1045
Stephanie Johnson,314,"013 Jones Expressway Suite 372, Rodriguezshire, IL 14559",TRUE,stephanie_johnson@example.com,4552162219,organization,Lake Benjamin,Qatar,1112
Johnson Inc,198,"672 James Walks, Lake Christopher, NM 17909",FALSE,johnson_inc@example.com,2059727307,individual,South Jillstad,Reunion,1328
Rachael Miller,375,"016 Wall Summit Suite 683, West Claudiachester, LA 68483",TRUE,rachael_miller@example.com,4927247130,individual,New Jonathanton,Barbados,1327
Davis and Sons,226,"495 Mooney Stravenue Apt. 570, West James, RI 18107",TRUE,davis_and_sons@example.com,3418531171,individual,New Sherriside,Chad,1236
Perez and Sons,462,"231 Nicholas Street Apt. 225, Mackview, WI 81358",FALSE,perez_and_sons@example.com,6093849631,organization,New Veronica,Dominican Republic,1141
Salazar Ltd,457,"5856 Gregory Skyway Suite 417, Brownburgh, HI 48007",TRUE,salazar_ltd@example.com,2423995517,organization,Nicolemouth,France,1243
Mccarthy and Sons,269,"490 Torres Hollow Apt. 806, East Alexandra, NM 28736",FALSE,mccarthy_and_sons@example.com,5935189283,individual,Robertbury,Philippines,1263
"Bell, Lang and Sampson",370,"Unit 3827 Box 5233, DPO AP 71097",FALSE,bell_lang_and_sampson@example.com,2662477143,individual,Lake Allenport,Israel,1167
Brian Smith,153,"87093 Pruitt Shore, Amybury, OK 80451",FALSE,brian_smith@example.com,9316134501,individual,Paulashire,American Samoa,1126
Sean Griffin,466,"USS Mcdonald, FPO AE 29774",FALSE,sean_griffin@example.com,9724554120,individual,New Jerryland,Uzbekistan,1014
Peter Steele,182,"0072 Moore Hill, Rebeccaport, LA 56888",FALSE,peter_steele@example.com,6474585725,organization,East Meaganshire,Mali,1208
Mark Nicholson,155,"772 Calderon Road Apt. 773, Port Beverly, ID 18046",TRUE,mark_nicholson@example.com,8305537325,individual,Jillville,Central African Republic,1231
"Diaz, Phillips and Cochran",352,"654 Freeman Junctions, Williamfurt, OK 66508",FALSE,diaz_phillips_and_cochran@example.com,4780719716,individual,South Jessica,Brunei Darussalam,1328
Kevin Hayes,447,"62862 Kelly Inlet, Kellyville, MT 68124",FALSE,kevin_hayes@example.com,6400184677,individual,Schmittside,Micronesia,1220
Smith and Sons,302,"USS Williams, FPO AE 67585",FALSE,smith_and_sons@example.com,9008140966,organization,Port Luis,Saint Barthelemy,1202
Cassie Gomez,133,"PSC 2945, Box 2689, APO AA 71171",TRUE,cassie_gomez@example.com,5713404601,individual,Hernandezport,Saint Kitts and Nevis,1239
Jimmy Brady,361,"98537 Cindy Roads Apt. 375, Mitchellview, MS 28888",TRUE,jimmy_brady@example.com,2111491235,individual,New Rachel,Australia,1175
Weaver LLC,163,"805 Russell Pass Apt. 906, Garrettmouth, WA 64786",FALSE,weaver_llc@example.com,3219006993,organization,New John,Croatia,1121
Veronica Browning,346,"1070 Barker Fort Apt. 044, Lake Ryantown, MS 74042",TRUE,veronica_browning@example.com,1658300928,organization,Mitchellburgh,Netherlands Antilles,1058
Garza Inc,179,"368 Robert Rue Suite 158, New Thomas, MN 38014",FALSE,garza_inc@example.com,2417626344,organization,Andreatown,Turkmenistan,1136
Hall and Sons,323,"USNV Johnston, FPO AP 93416",FALSE,hall_and_sons@example.com,6473348859,individual,Jessicaside,Australia,1230
Carlson LLC,472,"153 Jones Run, New Bradley, DE 01248",TRUE,carlson_llc@example.com,9719285214,organization,Alexanderchester,Georgia,1315
Crawford PLC,333,"5461 Sanders Parkway, Lake Roy, NH 73422",FALSE,crawford_plc@example.com,4073820655,individual,Port Rachaelview,Mexico,1166
Mrs. Nicole Jackson DDS,454,"482 Kristen Ville Apt. 046, West Evan, VI 61548",TRUE,mrs_nicole_jackson_dds@example.com,6116437341,organization,Scottmouth,Gibraltar,1004
Miller-Frye,425,"27177 Dennis Station Suite 900, Michaelborough, PA 20771",TRUE,miller-frye@example.com,8720835529,individual,Peterstown,Isle of Man,1079
"Smith, Santiago and Green",128,"55011 Golden Groves Suite 338, New Anthonybury, ID 38708",FALSE,smith_santiago_and_green@example.com,7276583279,organization,Mcdonaldport,Swaziland,1259
Luis Diaz,276,"014 Ian Via, South Christopherchester, VT 08080",FALSE,luis_diaz@example.com,1427948927,individual,Jessicahaven,British Indian Ocean Territory (Chagos Archipelago),1205
Odom Group,387,"41587 Julie Port Suite 245, Port Michelle, WV 40372",TRUE,odom_group@example.com,2439014310,individual,West David,Isle of Man,1092
Kelly Vega,459,"25697 Matthews Flat, Chelseaborough, GU 77862",TRUE,kelly_vega@example.com,3537395711,individual,Port Lisa,Mozambique,1072
Mary Mccormick,403,"94854 Tammy Plains, Michaelton, KY 61640",FALSE,mary_mccormick@example.com,1468025831,individual,Alejandromouth,Philippines,1149
Cobb-Garza,120,"0716 Kimberly Curve Apt. 635, Robertbury, DE 10999",TRUE,cobb-garza@example.com,6407107051,individual,Stevenview,French Guiana,1125
Jefferson Ltd,136,"87027 Michael Tunnel Apt. 693, Katherineport, PW 04113",TRUE,jefferson_ltd@example.com,2656271227,organization,North Cynthiafurt,Guadeloupe,1102
Mitchell PLC,114,"31161 Tammy Mission, New Jamesshire, UT 77460",TRUE,mitchell_plc@example.com,2946672972,individual,Meganchester,Oman,1375
Carlos Holmes,252,"2169 Waters Camp, Deborahfurt, VT 71980",FALSE,carlos_holmes@example.com,4380306307,individual,East Lauren,Nepal,1151
Jennifer Torres,413,"8959 Michael Coves, Sharphaven, OH 02304",FALSE,jennifer_torres@example.com,9935513623,organization,Simmonsfurt,Albania,1331
Carlos Reeves,439,"5278 Felicia Centers, Port Shawn, FL 04311",FALSE,carlos_reeves@example.com,5286136774,individual,Lozanohaven,Suriname,1011
Michael Lee,329,"7568 Andrews Flat Suite 041, East Arianafurt, MH 67431",FALSE,michael_lee@example.com,5356350411,organization,East Wesleyport,British Virgin Islands,1164
Edgar Salinas,371,"8222 Rachel Spur, Port Allisonside, ID 22006",TRUE,edgar_salinas@example.com,5312986127,organization,Andresmouth,Senegal,1222
Joseph Spence,234,"44004 Michael Tunnel Apt. 364, Snyderview, PR 62552",TRUE,joseph_spence@example.com,7357453350,individual,New Nicholas,Armenia,1233
Hanson-Kim,196,"Unit 2644 Box 2742, DPO AE 92805",FALSE,hanson-kim@example.com,6987753182,individual,New Leslie,Sri Lanka,1154
Harris-Taylor,105,"0125 Joshua Rapids, Harryfurt, FL 19482",FALSE,harris-taylor@example.com,1481178753,organization,Kyleburgh,Gambia,1280
"Klein, Williams and Barker",240,"Unit 7315 Box 7640, DPO AE 49714",TRUE,klein_williams_and_barker@example.com,7937415005,individual,East Nicole,Isle of Man,1007
Wallace-Benton,309,"4680 Kelly Square Suite 056, East Andrea, ND 12867",TRUE,wallace-benton@example.com,6776986345,individual,Johnsonborough,Guinea,1240
Philip Rose,171,"34806 Rodriguez Pike Suite 420, West Ashleymouth, PW 28633",TRUE,philip_rose@example.com,5201752766,organization,Port Erik,Micronesia,1215
Mr. Michael Booth,445,"9838 Sarah Wall, Ibarramouth, SD 74537",TRUE,mr_michael_booth@example.com,7888083744,organization,West Maryfort,Guadeloupe,1161
"Oconnell, Salas and Michael",156,"222 Matthew Squares, Joshuaside, MI 92746",FALSE,oconnell_salas_and_michael@example.com,5489821751,organization,New Amber,Turks and Caicos Islands,1110
Mark Romero,141,"81237 Olson Station, South Paulhaven, IA 29993",FALSE,mark_romero@example.com,9735406270,organization,Cuevasstad,British Indian Ocean Territory (Chagos Archipelago),1043
Phillips-Greer,127,"7458 Ritter Terrace, East Erica, MI 05438",FALSE,phillips-greer@example.com,6192052568,individual,Houstonshire,Azerbaijan,1177
Albert Crawford,318,"2898 Yvonne Highway Suite 676, Mccoymouth, NY 15582",TRUE,albert_crawford@example.com,5140455356,individual,North Ryanbury,Guatemala,1141
Smith PLC,356,"053 Kelly Wall, Westmouth, WI 02779",FALSE,smith_plc@example.com,9004641608,organization,East Laura,Seychelles,1019
Shari Hall,173,"21304 Brandon Terrace, Lake Nicholas, MP 27046",TRUE,shari_hall@example.com,7365721120,organization,Perryborough,Moldova,1034
Linda Gates,194,"28780 Bryan Harbors Apt. 447, Williamschester, VT 03716",FALSE,linda_gates@example.com,7462300069,individual,South Meganmouth,Georgia,1349
Smith-Curtis,166,"422 Aaron Stream Suite 072, Glennfort, OK 59381",FALSE,smith-curtis@example.com,7570371055,individual,Wilsonchester,Christmas Island,1120
Heather Coleman,254,"1228 Jesse Inlet, Stewartburgh, VT 26327",FALSE,heather_coleman@example.com,6733211789,organization,Lake Dylan,Uganda,1135
"Sanders, Johnson and Cole",412,"06917 Michael Drives Apt. 137, West Nicholas, NY 00678",TRUE,sanders_johnson_and_cole@example.com,6810843571,organization,New Kevin,Kiribati,1352
Chen-Chan,212,"85803 Sarah Knolls, New Jason, ME 45981",FALSE,chen-chan@example.com,8923476869,individual,New Justinstad,Rwanda,1063
Paul Lee,106,"121 Tina Lodge, Port Margaret, ME 47187",FALSE,paul_lee@example.com,9920683020,individual,Port Brittany,Palestinian Territory,1137
"Cantu, Watts and Hoffman",149,"365 Miller Walks Suite 609, North Amandafort, CA 94951",FALSE,cantu_watts_and_hoffman@example.com,4695352846,individual,Claychester,Afghanistan,1259
"Cabrera, Lopez and Torres",494,"3482 Courtney Island, Jensenfort, MN 18029",TRUE,cabrera_lopez_and_torres@example.com,3253111416,individual,Port Christopherbury,Sweden,1147
Kimberly Walker,400,"368 Michelle Common Suite 312, Villaport, CA 31072",FALSE,kimberly_walker@example.com,3026735137,organization,Huntermouth,San Marino,1100
Mariah Winters,130,"410 Emily Streets Suite 234, Cookmouth, RI 61812",FALSE,mariah_winters@example.com,8390024101,organization,Thomasside,British Indian Ocean Territory (Chagos Archipelago),1303
Alexandra Moore,416,"435 Kidd Row, Georgemouth, HI 04681",FALSE,alexandra_moore@example.com,5274206577,individual,West Monicahaven,Nauru,1060
William Carter,266,"19717 Cox Pine Apt. 551, Warrenchester, AS 48839",FALSE,william_carter@example.com,2618609409,individual,South Jessicamouth,Honduras,1321
Wyatt LLC,295,"6734 Joseph Road Apt. 352, Tannerburgh, DC 81594",FALSE,wyatt_llc@example.com,5610502836,individual,New Jimmyland,Kuwait,1257
Gonzalez-Dawson,477,"40805 Johnson Bridge, North Angela, MI 93048",FALSE,gonzalez-dawson@example.com,1724220335,individual,South Kristinamouth,Samoa,1039
Joseph Harris,279,"Unit 4793 Box 5390, DPO AP 79419",TRUE,joseph_harris@example.com,6665476544,individual,Torresland,Saudi Arabia,1065
Carroll-Rich,210,"87012 Howell Landing Suite 870, Johnstonfort, WY 94815",TRUE,carroll-rich@example.com,7255845493,individual,East Adam,Niue,1201
Valdez Group,393,"924 Mcneil Street Suite 776, Matthewville, CA 87445",FALSE,valdez_group@example.com,4692473060,organization,North Catherinechester,Bahrain,1231
Hubbard-Griffith,126,"022 Gibson Lodge Suite 706, Jonesmouth, OK 33595",TRUE,hubbard-griffith@example.com,7583773254,individual,Russellshire,Canada,1074
Alejandro Wright,298,"Unit 4183 Box 3444, DPO AP 49935",FALSE,alejandro_wright@example.com,3518499953,individual,New Kristen,Belarus,1326
Jessica Lin,121,"Unit 1285 Box 2285, DPO AE 23318",FALSE,jessica_lin@example.com,8348461911,organization,Floresfurt,Thailand,1130
Bowen-Hansen,218,"61511 Murray Pine Apt. 390, North Sarah, CA 67574",FALSE,bowen-hansen@example.com,9620964908,organization,Kellyton,Togo,1002
Buckley Group,257,"31670 Melton Glens, North Ricardoport, PA 99475",FALSE,buckley_group@example.com,3789608887,organization,Howardstad,Panama,1276
Gonzalez-Ingram,186,"9321 Ayala Alley, Brownstad, TN 54310",TRUE,gonzalez-ingram@example.com,4762624358,individual,West Caroline,Mauritania,1106
Matthew Williams,441,"Unit 3916 Box 3405, DPO AE 53585",TRUE,matthew_williams@example.com,1387960074,individual,New Courtneymouth,Turkmenistan,1227
Dr. Jennifer Lopez DDS,270,"18276 Mason Walks, Philipton, ME 47212",TRUE,dr_jennifer_lopez_dds@example.com,2893942802,organization,South Sergioside,New Caledonia,1292
Denise James,359,"25913 Crosby Hill, Amandaton, NH 23212",TRUE,denise_james@example.com,8957191680,organization,Haleyside,Saint Helena,1319
Miles and Sons,160,"44585 Jeffrey Gateway Suite 810, Ortizfort, LA 32058",FALSE,miles_and_sons@example.com,2909663797,organization,Port Roberto,Norway,1149
"Pierce, Roman and Meadows",204,"Unit 4585 Box 4512, DPO AA 26655",FALSE,pierce_roman_and_meadows@example.com,8140258031,organization,North Matthewbury,Myanmar,1332
Mike Espinoza,267,"8668 Swanson Bypass, North Johnview, AR 99697",TRUE,mike_espinoza@example.com,5556195946,individual,Lake Brandonchester,El Salvador,1183
"Vang, Gonzalez and Savage",148,"478 Jeffery Mountain Suite 453, Evansmouth, MH 05925",FALSE,vang_gonzalez_and_savage@example.com,4416873143,individual,North Candicehaven,Nigeria,1100
Evelyn Garrett,486,"622 Garcia Squares, Lake Paulhaven, HI 61273",TRUE,evelyn_garrett@example.com,5166641191,individual,Powellshire,French Polynesia,1261
Tami Adams,490,"3817 Mendez Path, Ritaborough, GA 47301",TRUE,tami_adams@example.com,2169375848,organization,New Davidberg,Iraq,1400
Jordan-Villa,304,"10198 Blair Shore Suite 600, Port Phillip, WY 75929",FALSE,jordan-villa@example.com,3960081533,organization,Lisaport,Myanmar,1347
Holly Boyd,500,"198 Kelley Trace Suite 702, Harrismouth, VA 86672",TRUE,holly_boyd@example.com,7536072859,organization,Nathanborough,Mongolia,1355
Hampton LLC,330,"892 Joseph Station Apt. 457, Stephenland, WY 48544",FALSE,hampton_llc@example.com,7066309832,organization,Cesarfurt,Costa Rica,1159
Wilkinson LLC,341,"30402 Monica Harbor, Vaughnfort, VA 57870",FALSE,wilkinson_llc@example.com,6567683883,individual,East Jon,French Guiana,1398
Joseph Rodriguez,209,"9923 Escobar Haven, Port Katiebury, MA 84680",FALSE,joseph_rodriguez@example.com,6635733541,organization,Jordanberg,Thailand,1128
"Bailey, Reed and Ramirez",436,"0491 Browning Parkways, Port Melindabury, WY 14016",TRUE,bailey_reed_and_ramirez@example.com,8026983470,organization,Lesliechester,Saint Helena,1199
Margaret Evans,258,"054 Carlos Centers, Aaronbury, ME 17160",TRUE,margaret_evans@example.com,7771199632,organization,Barrettview,Sweden,1365
Leah Charles,134,"2829 Kimberly Vista Apt. 368, East Randy, MI 39099",FALSE,leah_charles@example.com,7435174150,individual,New Tylerhaven,Lesotho,1183
Robert Hartman,259,"127 Sarah Place, East Laurie, MS 96744",TRUE,robert_hartman@example.com,6808342338,organization,Port Richardstad,Guam,1309
Mitchell Nelson,423,"743 Gibson Cove Apt. 261, Antoniohaven, WY 21280",FALSE,mitchell_nelson@example.com,6852433676,organization,New Jimmystad,Mauritania,1398
Cunningham-Moyer,117,"68669 Wade Centers, Davidside, MN 77014",TRUE,cunningham-moyer@example.com,5396862904,organization,Sylvialand,Saint Kitts and Nevis,1140
Emily Barr,146,"6400 Kimberly Square, Lopezburgh, NE 67327",FALSE,emily_barr@example.com,2967687515,organization,Hectorshire,Saint Kitts and Nevis,1003
Jared Mills,101,"Unit 8319 Box 6371, DPO AA 45817",TRUE,jared_mills@example.com,4510209660,individual,North Lauren,Tuvalu,1163
Jorge Simmons,235,"480 Catherine Springs, East Maryside, NE 95167",TRUE,jorge_simmons@example.com,3643684965,individual,Roberttown,Martinique,1025
Alyssa Morrison,297,"2647 Stephen Ramp Apt. 924, Alvaradofort, FM 74181",FALSE,alyssa_morrison@example.com,4062401301,organization,New Ariel,Saint Helena,1199
Simmons-Terry,362,"448 Thomas Groves Suite 420, Garyview, TX 45989",TRUE,simmons-terry@example.com,1529308902,individual,West Shannonstad,Namibia,1270
Smith LLC,251,"277 Shawn Neck, Lake Vanessa, KS 71100",FALSE,smith_llc@example.com,2529550221,individual,Edwardmouth,Heard Island and McDonald Islands,1243
Washington LLC,180,"959 Robinson Villages, West Pamela, CA 44898",FALSE,washington_llc@example.com,6221353231,organization,North Ianton,Bulgaria,1272
Curtis Garcia,205,"641 Blair Hollow Suite 737, Port Maryfort, VT 95156",TRUE,curtis_garcia@example.com,7078825802,individual,Jamesberg,Rwanda,1193
Castillo PLC,119,"57449 Banks Tunnel Suite 752, Christensenmouth, TX 37052",TRUE,castillo_plc@example.com,5065249719,individual,South Kendraville,United Arab Emirates,1127
Black PLC,202,"78527 Spence Mall Suite 099, South Shannontown, MA 08014",TRUE,black_plc@example.com,7164424766,individual,Gailshire,Mali,1396
Bush and Sons,442,"397 Thomas Creek, Port Kellystad, ID 79580",TRUE,bush_and_sons@example.com,3978111559,organization,Lucasville,Tunisia,1233
Samantha Medina,345,"822 Brennan Ridge, Lamberttown, MI 02040",TRUE,samantha_medina@example.com,5990255954,individual,Travisshire,Antigua and Barbuda,1283
"Mills, Singh and Delgado",496,"79503 Yvonne Avenue, Bryanmouth, SC 48130",TRUE,mills_singh_and_delgado@example.com,2106115659,organization,New Jacobton,Kazakhstan,1384
Oneal PLC,168,"91075 Carr Lake, Richardsonview, PW 03301",FALSE,oneal_plc@example.com,8563195497,organization,Lake Billfort,Bahrain,1043
Jennifer Fitzpatrick,461,"USS Jones, FPO AE 08923",TRUE,jennifer_fitzpatrick@example.com,8266819186,organization,West Joel,Saint Helena,1358
Davies LLC,230,"73772 Joyce Divide, Lisafort, NY 48525",TRUE,davies_llc@example.com,1514442251,individual,East Nathan,United Kingdom,1086
Matthews-Romero,221,"190 Wendy Streets Suite 597, West Vanessamouth, VA 15774",FALSE,matthews-romero@example.com,1491136406,individual,West Edward,Qatar,1102
Jacqueline Vasquez,338,"070 Ashley Flats, South Josephville, NH 59910",TRUE,jacqueline_vasquez@example.com,5495229313,organization,Port Karenmouth,United States of America,1006
Silva-Williams,316,"43073 Rachel Lakes Suite 404, South Joseph, FM 60141",TRUE,silva-williams@example.com,9898420316,organization,West Samanthaton,Palau,1001
Elizabeth York,390,"4976 Richard Throughway, Paigeton, WY 07925",FALSE,elizabeth_york@example.com,9215343255,organization,Lake Mary,Nepal,1258
"Glover, Tran and Calhoun",430,"0102 Dustin Cove Apt. 725, Pattyberg, MN 04255",TRUE,glover_tran_and_calhoun@example.com,9813597233,organization,Rachelmouth,Antigua and Barbuda,1028
Parker Inc,372,"2260 Jody Glen Suite 109, North Veronica, LA 11957",TRUE,parker_inc@example.com,3062570050,individual,Villamouth,Jersey,1186
Kyle Myers,241,"60985 Fernandez Burgs Suite 695, East Alexanderfurt, ME 11843",FALSE,kyle_myers@example.com,2111504622,individual,Rebeccaport,Bhutan,1302
Mccoy-Gutierrez,488,"18462 Hicks Plaza, Morenoshire, MT 16050",FALSE,mccoy-gutierrez@example.com,8075076410,organization,Schultzburgh,Timor-Leste,1325
Curtis Glenn,229,"023 Bailey Harbors, Johnbury, IL 14572",TRUE,curtis_glenn@example.com,4322726505,organization,Jacksonfort,Iran,1354
Bob Newman,320,"Unit 1679 Box 6316, DPO AE 03571",FALSE,bob_newman@example.com,4440355073,organization,Christopherfurt,Georgia,1323
Salazar-Navarro,313,"2546 Mary Lock, Rodneyport, TX 48501",FALSE,salazar-navarro@example.com,6033803002,organization,East David,Brunei Darussalam,1329
Danny Black,460,"196 Mack Estates, West Jasonton, CO 48720",FALSE,danny_black@example.com,7578144455,organization,Monicaside,Senegal,1239
Ryan Jones,143,"14058 Joshua Oval, Jonathanstad, CT 07372",FALSE,ryan_jones@example.com,2271593467,individual,North Christina,Cambodia,1364
"Arias, Gutierrez and Campos",422,"59192 Davis Glen, Port Stephaniemouth, AK 46954",FALSE,arias_gutierrez_and_campos@example.com,3949568966,individual,New Amandafurt,Iran,1166
Ramirez Group,444,"3113 Wallace Walks, Craigtown, FL 02701",TRUE,ramirez_group@example.com,6502959233,individual,Lake Emilystad,Mozambique,1324
Chris Shelton,399,"7059 Johnson Causeway Suite 375, Teresaland, CA 64903",FALSE,chris_shelton@example.com,7704184463,organization,Brooksside,Bahamas,1190
Sanders Group,300,"2620 Mullins Islands, East Donald, TX 29873",TRUE,sanders_group@example.com,2847169508,organization,Cindystad,Malawi,1387
Nolan LLC,246,"5839 Gloria Divide, New Davidside, VI 00984",FALSE,nolan_llc@example.com,4892755108,organization,North Davidmouth,Indonesia,1072
Lopez-Phillips,296,"47172 Rowland Lodge, East Cynthia, AK 63330",TRUE,lopez-phillips@example.com,7724742574,organization,New Brianberg,Argentina,1095
Tonya Miller,358,"21004 Stephens Freeway Apt. 471, East Erica, UT 10480",TRUE,tonya_miller@example.com,9444570852,individual,East Samuel,Hungary,1092
James Rodriguez,273,"91000 Matthew Tunnel Apt. 404, Taylorfurt, PR 01585",FALSE,james_rodriguez@example.com,6156634521,organization,South Evelyn,Christmas Island,1320
Brad Kennedy,365,"756 Myers Haven, Port Bernardland, MS 08049",FALSE,brad_kennedy@example.com,6641278474,organization,West Johnmouth,Antigua and Barbuda,1024
Ingram Group,377,"77151 Moore Unions, Jasminehaven, NM 73745",FALSE,ingram_group@example.com,5651584405,individual,Ryanshire,Spain,1234
Lopez and Sons,200,"17562 Jennifer Coves, Lake Margaretland, MO 09635",TRUE,lopez_and_sons@example.com,1368756985,individual,Padillafort,Haiti,1371
Sandoval Inc,467,"44854 Brenda Place Suite 225, Greentown, RI 08605",FALSE,sandoval_inc@example.com,7003246814,organization,Port Sophiamouth,Turkey,1307
Amber Boyd,401,"Unit 4140 Box 2749, DPO AA 06778",TRUE,amber_boyd@example.com,3481623942,organization,New Craigtown,Antigua and Barbuda,1290
Samantha Campbell,116,"344 Williams Key, Danielleburgh, PW 15098",FALSE,samantha_campbell@example.com,2712882010,organization,Port Maria,India,1216
Chang-Davis,157,"6401 Daniel Turnpike Suite 612, Hernandezstad, IL 01293",TRUE,chang-davis@example.com,4782916442,individual,Kristinaland,Sudan,1373
Jarvis Group,357,"PSC 9568, Box 9039, APO AP 81187",TRUE,jarvis_group@example.com,3053381791,individual,Danielsside,Eritrea,1274
Bethany Williamson,278,"4662 Green Junction Apt. 459, Mitchellville, KS 84059",FALSE,bethany_williamson@example.com,3712064345,individual,Myersland,Holy See (Vatican City State),1301
Terri Becker,453,"309 Smith Junction, West Taylorview, IA 04625",TRUE,terri_becker@example.com,5059685558,organization,Mooreborough,Hungary,1279
Kathleen Ramirez,335,"40297 Jones Mills Apt. 672, Michelleland, NM 80998",FALSE,kathleen_ramirez@example.com,7595971753,individual,Port Angela,Grenada,1058
Jennifer Soto,222,"45504 John Oval, New Amandatown, DE 85611",TRUE,jennifer_soto@example.com,2371135767,organization,West Adam,Liberia,1223
"Williams, Gonzalez and Harper",286,"USNV Nelson, FPO AP 66967",FALSE,williams_gonzalez_and_harper@example.com,1938676680,individual,South Erikborough,Cocos (Keeling) Islands,1327
Alexis Cook,360,"070 Wilson Greens Suite 132, Port John, DE 90162",FALSE,alexis_cook@example.com,6480159871,individual,Morrisland,Russian Federation,1218
Jonathan Thomas,282,"53306 Julie Lakes, North Evelyn, WV 08933",TRUE,jonathan_thomas@example.com,4102007184,individual,Hartfurt,Uganda,1071
Ricardo Gray,431,"6282 Robert Greens, New Amy, OR 38946",FALSE,ricardo_gray@example.com,6430778813,individual,Francismouth,Equatorial Guinea,1360
Gabriel Jackson,406,"6516 Hutchinson Burgs Apt. 828, North Kristinfort, PR 12814",FALSE,gabriel_jackson@example.com,9151872642,individual,North Jasonshire,British Virgin Islands,1177
Joseph Jones,310,"5012 Lopez Burgs Apt. 776, Kimberlyland, PA 72056",FALSE,joseph_jones@example.com,4377657815,individual,Pamelabury,Nepal,1368
Butler and Sons,147,"18498 Meyer Ferry, New Bradleyview, AZ 50055",FALSE,butler_and_sons@example.com,7711353169,organization,Brownview,Madagascar,1124
Heidi Curtis,275,"141 Joshua Meadow Suite 248, Port Josetown, MH 40207",FALSE,heidi_curtis@example.com,5894070660,organization,South Bobby,Central African Republic,1269
"Cox, Campbell and Welch",107,"4267 Mitchell View, East Stephanietown, FL 30702",TRUE,cox_campbell_and_welch@example.com,3856520920,organization,West Stephanieville,Luxembourg,1119
Miller PLC,187,"42975 Smith Mountain, Port Hunterborough, VI 57977",TRUE,miller_plc@example.com,2576448577,individual,Milesfort,Romania,1226
"Hooper, Williams and Robbins",411,"575 Lauren Roads Apt. 538, Hernandezville, KS 55984",FALSE,hooper_williams_and_robbins@example.com,7236010326,individual,Stephenborough,Angola,1213
Sara Mathis,426,"40400 Robinson Corner, South Kelly, AZ 85385",FALSE,sara_mathis@example.com,4458513052,individual,Porterland,Kuwait,1259
Abbott-Ray,100,"88619 Herman Light, Karenland, LA 38541",TRUE,abbott-ray@example.com,5915229532,individual,Lake Williamside,Bouvet Island (Bouvetoya),1189
Jenna Moss,319,"712 Gordon Court Suite 888, West Patrick, MN 03788",FALSE,jenna_moss@example.com,1681018947,individual,Acevedohaven,India,1113
Antonio Hart,262,"76213 Leah Square Apt. 919, Martinezton, GA 02940",TRUE,antonio_hart@example.com,1882036035,organization,Weavershire,Kazakhstan,1297
Nelson Ltd,193,"9018 Michael Track Apt. 417, West Bruce, MS 43179",FALSE,nelson_ltd@example.com,2041659279,individual,New Leonard,Iraq,1003
Morgan-Walker,337,"0675 Paul Vista Suite 040, Holderview, CA 11892",FALSE,morgan-walker@example.com,2040502142,individual,North Cassandra,Mongolia,1201
Taylor and Sons,434,"16041 Wright Haven, Port Stevenport, OK 31332",TRUE,taylor_and_sons@example.com,8801616727,individual,North Sandrafort,Jersey,1301
"Cabrera, Morris and Alexander",188,"PSC 4063, Box 2638, APO AE 86710",FALSE,cabrera_morris_and_alexander@example.com,8572108339,organization,Lake Teresaborough,Sri Lanka,1208
Amanda Johnson,437,"26345 Lisa Spring, Port Kevin, DE 11502",TRUE,amanda_johnson@example.com,7496943405,organization,Higginsland,Guinea-Bissau,1018
Amanda Castillo,369,"026 Harrell Spring, Arthurmouth, NC 85610",TRUE,amanda_castillo@example.com,6248654339,individual,Macdonaldtown,Kazakhstan,1042
Paul Ltd,307,"0895 Baird Shore Suite 659, Josetown, MO 63358",FALSE,paul_ltd@example.com,5661084496,individual,Fischerside,Cook Islands,1204
Holly Brooks,464,"22912 White Locks Suite 164, West Darrenchester, VA 91806",FALSE,holly_brooks@example.com,4187357750,organization,Garyburgh,Nepal,1183
Jason Blackburn,159,"959 Allen Radial Suite 539, Williamstown, WY 92163",FALSE,jason_blackburn@example.com,8601525186,individual,Harrisstad,Slovenia,1036
Gonzalez Ltd,484,"795 Catherine Knolls, East Amandahaven, ND 86492",FALSE,gonzalez_ltd@example.com,4816998879,individual,New Sydneychester,El Salvador,1393
Weber-Coleman,384,"82847 Ashley Extensions Apt. 836, North Nicholas, WY 03377",TRUE,weber-coleman@example.com,4096502471,individual,West Megan,Lesotho,1377
Jamie Patterson,263,"57523 Williams Plains Apt. 765, Townsendchester, WY 45596",TRUE,jamie_patterson@example.com,4473678872,organization,Lake Michellefort,Poland,1324
Parks and Sons,161,"3333 Kayla Fields Suite 879, Millerfort, TN 13908",TRUE,parks_and_sons@example.com,6354815119,individual,New Yolanda,Guadeloupe,1085
"Jenkins, Mccarthy and Gutierrez",213,"80297 Amy Parkways Apt. 220, Port Robinborough, IL 72634",TRUE,jenkins_mccarthy_and_gutierrez@example.com,8619283928,organization,Pooleberg,French Polynesia,1061
Mrs. Jean Wade,145,"274 Joan Courts, New Tammystad, MS 57966",TRUE,mrs_jean_wade@example.com,9901456381,organization,South Shannon,Saint Martin,1149
Stephanie Chapman,458,"67329 Keith Circles Apt. 259, North Anthony, AZ 35673",TRUE,stephanie_chapman@example.com,4174227921,individual,North Edwardchester,Macao,1368
Charles Miller,129,"942 Navarro Coves, South Danielberg, NV 24577",TRUE,charles_miller@example.com,3076381519,organization,Ortegaland,New Caledonia,1165
Ashley King,152,"104 Douglas Ridge, South Mary, PW 69020",FALSE,ashley_king@example.com,5269193532,individual,Lake Jonathanshire,Tonga,1158
Rhonda Moss,455,"7321 Bryan Well Apt. 326, Lake Shawnport, GU 07483",FALSE,rhonda_moss@example.com,3585098211,organization,New Alan,Australia,1370
Angela Johnson,190,"608 Daniel Landing Suite 701, Heathershire, IA 72504",FALSE,angela_johnson@example.com,2220993689,individual,Donaldport,Guyana,1319
Jeffrey Martinez,498,"0844 Fitzgerald Courts Apt. 198, Christopherchester, MP 90916",FALSE,jeffrey_martinez@example.com,7715210578,individual,Joshuamouth,Haiti,1168
Jenna Mccarthy,135,"41000 Nicole Circle, New Kristi, MI 40662",FALSE,jenna_mccarthy@example.com,8377030132,organization,Lisaland,Bangladesh,1078
Molina Ltd,407,"79966 Manuel Roads Apt. 336, Port Garyshire, MP 30730",FALSE,molina_ltd@example.com,3227714194,individual,Rodriguezmouth,Moldova,1161
Kevin Sherman,408,"Unit 9440 Box 0671, DPO AA 19222",TRUE,kevin_sherman@example.com,5972140682,organization,Monicafurt,Montserrat,1021
Cody Perry,248,"88226 Angela Fort, Priceland, AL 44410",FALSE,cody_perry@example.com,2735939159,individual,Larryport,Austria,1167
Goodwin and Sons,418,"69882 Collins Loaf Suite 097, South Debra, AZ 24812",FALSE,goodwin_and_sons@example.com,1585819849,organization,Weaverville,Gibraltar,1061
Rebekah Ford,201,"841 Alicia Turnpike Suite 969, Mariafort, HI 61931",FALSE,rebekah_ford@example.com,6686074395,organization,Nguyenview,New Zealand,1228
"Romero, Harris and Tran",373,"69365 Jason Glens Apt. 251, Kevinburgh, CT 51246",TRUE,romero_harris_and_tran@example.com,6301893047,organization,Moraleschester,Montserrat,1286
Richard Johnson,354,"168 Kevin Spurs, Richardchester, FM 07973",FALSE,richard_johnson@example.com,8595261185,individual,North Terri,Argentina,1072
Rebecca Cooper,340,"450 Joshua Brooks, Stevenbury, NH 66245",TRUE,rebecca_cooper@example.com,8102333293,organization,South Kevin,Turks and Caicos Islands,1153
Sarah Bauer,478,"0891 Jamie Loop, Laurenview, PW 55552",TRUE,sarah_bauer@example.com,9278880020,organization,Kyleland,Estonia,1065
Dustin Mcpherson,339,"38366 Abigail Trace Apt. 536, Kirstenchester, CO 02653",TRUE,dustin_mcpherson@example.com,6838681952,organization,New Gregorytown,Israel,1158
"Vasquez, Carpenter and Ibarra",264,"2457 Murray Prairie Apt. 745, Glennberg, KY 08806",FALSE,vasquez_carpenter_and_ibarra@example.com,9732934085,organization,East Josephton,Kenya,1367
Gamble Ltd,325,"79092 Garcia Ports Suite 177, New Elizabethside, OH 16935",FALSE,gamble_ltd@example.com,5403423341,organization,Younghaven,Saint Martin,1147
Thomas Cooper,321,"6775 Tommy Road, Andreachester, VI 46567",TRUE,thomas_cooper@example.com,8667998308,individual,Lake Briannafort,Greenland,1157
Megan Douglas,236,"USNS Miller, FPO AA 14514",TRUE,megan_douglas@example.com,2386771334,organization,East Kennethtown,Bosnia and Herzegovina,1294
Coleman and Sons,468,"Unit 4599 Box 0055, DPO AE 22227",TRUE,coleman_and_sons@example.com,7564674214,individual,Payneton,France,1219
Lewis-Whitney,482,"USCGC Fowler, FPO AP 20724",TRUE,lewis-whitney@example.com,2423722620,organization,Byrdshire,Niue,1018
Gray-Villegas,381,"6851 Howell Streets Suite 046, Byrdtown, HI 66336",TRUE,gray-villegas@example.com,3278836722,organization,South Oliviahaven,Saint Lucia,1001
Zachary Eaton,174,"988 Lucas Street, Jeffview, IA 89442",FALSE,zachary_eaton@example.com,5892811968,individual,Barrettborough,Qatar,1359
Grant-Brown,306,"717 Adams Ports Apt. 809, South Patricia, CT 58115",FALSE,grant-brown@example.com,6769494132,organization,West Dennisport,Uzbekistan,1105
Cory White,435,"561 Tammy Expressway, South Maria, TN 89782",TRUE,cory_white@example.com,3855031681,individual,Hernandezmouth,United Kingdom,1006
"Hernandez, Smith and Austin",391,"446 Roth Union, Oneillland, AK 16533",FALSE,hernandez_smith_and_austin@example.com,7734079193,individual,South Amberfort,Heard Island and McDonald Islands,1384
Moore-Hanna,473,"921 Williams Village, East Lydiaburgh, NH 12574",TRUE,moore-hanna@example.com,6534154536,organization,Phillipsport,Portugal,1222
"Merritt, Hall and Jackson",476,"873 Diane Land, South Brittneytown, SD 30547",TRUE,merritt_hall_and_jackson@example.com,7441712519,organization,North Ryan,Lesotho,1170
John Williams,110,"USNV Hernandez, FPO AA 15543",TRUE,john_williams@example.com,1678995089,individual,Caldwellborough,Rwanda,1135
"Rodriguez, Choi and Cook",228,"6170 Fernandez Prairie, Wilsonburgh, SD 90625",TRUE,rodriguez_choi_and_cook@example.com,7460458577,individual,New Bettyshire,New Zealand,1217
Catherine Richardson,326,"36477 Danielle Mountains Apt. 319, Peggyville, RI 13169",TRUE,catherine_richardson@example.com,6211509549,organization,South Steven,Norway,1120
Miller Ltd,383,"881 Nelson Mission, Susanborough, OK 54794",FALSE,miller_ltd@example.com,9246193652,individual,Colemouth,Antigua and Barbuda,1307
Anne Curtis,327,"619 Nancy Ridges, Oliverberg, OH 38796",TRUE,anne_curtis@example.com,9185511575,organization,South Joshuachester,El Salvador,1345
Malone Ltd,481,"80375 Fry Square, Kellyport, NM 38486",FALSE,malone_ltd@example.com,7040219432,individual,Port Nathan,Cook Islands,1284
Christopher Brown,394,"86187 William Ramp, Brittanymouth, NH 32693",FALSE,christopher_brown@example.com,3989640917,individual,East Raymond,Dominican Republic,1238
Jacob Conway,206,"75938 Mccoy Shoal, East William, SC 17851",TRUE,jacob_conway@example.com,8529363211,organization,Nobleview,North Macedonia,1381
Dustin Smith,429,"9333 Jason Route, Sandovaltown, IL 52890",FALSE,dustin_smith@example.com,2022032142,individual,Carpenterside,British Indian Ocean Territory (Chagos Archipelago),1381
Thomas Guzman,495,"53573 Cannon Walk, North Sarah, WI 03437",TRUE,thomas_guzman@example.com,8014993496,organization,Banksside,Cocos (Keeling) Islands,1270
David Richards,474,"3755 Tyler Lights, Nunezview, CO 11851",FALSE,david_richards@example.com,6095584094,organization,Davisbury,Lebanon,1384
"Dominguez, Armstrong and Tucker",465,"312 Michael Burgs, Grayfurt, NE 80800",FALSE,dominguez_armstrong_and_tucker@example.com,7420054518,individual,West Dominicberg,Slovenia,1057
Nicole Rodriguez,456,"859 English Locks Apt. 954, New Kimberly, SC 13744",TRUE,nicole_rodriguez@example.com,3401209953,organization,New Cathyburgh,Samoa,1323
Cooke-Brown,419,"660 David Hollow, New Sydneyton, PR 58145",FALSE,cooke-brown@example.com,5239680178,individual,Kurtport,Philippines,1136
Rodgers LLC,432,"31260 Kristen Burgs Suite 974, West Jessica, ND 81743",FALSE,rodgers_llc@example.com,1057085751,individual,Mcknightshire,Bangladesh,1277
"Ellis, Donaldson and Leach",137,"259 Lee Corners Suite 456, Lake Richardhaven, TN 48341",FALSE,ellis_donaldson_and_leach@example.com,8575285744,individual,Martinfort,France,1150
Thompson and Sons,288,"8312 Miller Fork, Hodgesmouth, TN 90806",FALSE,thompson_and_sons@example.com,3572217975,organization,New Daniel,Sao Tome and Principe,1387
Nancy Williams,284,"8635 Velasquez Village Suite 130, Lake Nicoleside, ME 50371",FALSE,nancy_williams@example.com,7537381643,organization,North Stephaniefort,Nigeria,1350
Hanson Inc,376,"28093 Cooper Well Suite 855, Port Cassandra, IA 06205",FALSE,hanson_inc@example.com,9689430478,individual,North Dustinland,Finland,1319
Dr. Randy Martinez DDS,493,"2525 Garcia Greens Suite 940, Garystad, WA 30863",FALSE,dr_randy_martinez_dds@example.com,9027805035,individual,Carolynhaven,Martinique,1168
Todd Kim,291,"8339 Jonathan Key, New Brittanychester, OK 06491",TRUE,todd_kim@example.com,7588215218,individual,West Toddberg,Paraguay,1302
Sarah Hahn,347,"517 Johnson Causeway Apt. 491, Cunninghamland, NC 58505",TRUE,sarah_hahn@example.com,8480438639,individual,South Tyler,Kiribati,1357
Kyle Gill,388,"Unit 5797 Box 0039, DPO AE 15506",FALSE,kyle_gill@example.com,3757396604,organization,Port Mauriceland,Cuba,1355
Wilson Ltd,261,"3344 Porter Bridge Apt. 022, Lake Kyle, KS 72810",FALSE,wilson_ltd@example.com,6519357037,organization,Port Rebekah,Congo,1394
Hernandez and Sons,185,"Unit 7817 Box 0031, DPO AP 95965",FALSE,hernandez_and_sons@example.com,9764511005,individual,East Aprilbury,Canada,1167
Hoffman and Sons,111,"7213 Johnson Valley, Raymondmouth, AL 24713",FALSE,hoffman_and_sons@example.com,4606606265,organization,North Angela,Djibouti,1122
Brian Christian Jr.,312,"05390 Adams Mountain Apt. 417, Lake Emily, TX 27010",FALSE,brian_christian_jr@example.com,1107143207,organization,Tylerberg,Poland,1321
Crystal Greene,366,"83191 Alexander Neck Apt. 624, Kingmouth, WV 23075",TRUE,crystal_greene@example.com,4418113062,individual,Lake Jerryville,South Georgia and the South Sandwich Islands,1038
Ronald Phillips,322,"873 Pamela Mills Apt. 530, South Alyssa, WY 48182",TRUE,ronald_phillips@example.com,3092937656,organization,West Rachel,Tuvalu,1291
Steven Clarke,118,"8789 Alicia Walks Suite 648, Port Cynthia, WI 20178",FALSE,steven_clarke@example.com,2749811216,organization,Patriciaberg,Guam,1119
Ward-Cochran,112,"773 Michael Bridge, South Kelseyberg, KY 06309",FALSE,ward-cochran@example.com,1858904538,organization,Robinsontown,Morocco,1172
Smith-Sanchez,256,"89156 Moore Shoals Suite 193, Marissaview, LA 09182",FALSE,smith-sanchez@example.com,7420942432,organization,New Bethton,Armenia,1318
Phillip Nicholson,293,"8075 Donna Cove, Port Elizabeth, IA 03361",FALSE,phillip_nicholson@example.com,2038715007,organization,Port Christine,Sao Tome and Principe,1343
Copeland-Pearson,176,"877 Natalie Village Apt. 522, Oscarhaven, FL 63957",FALSE,copeland-pearson@example.com,3417055347,individual,West Jameschester,Madagascar,1211
Hunt Group,283,"97064 Lance Track, South Davidchester, PA 37158",TRUE,hunt_group@example.com,3553994649,individual,Lake Matthew,Guam,1334
"Fuentes, Strong and Jones",224,"USS Swanson, FPO AA 40330",TRUE,fuentes_strong_and_jones@example.com,7172856775,organization,Obrienfurt,Bahrain,1211
Hailey Sanders,463,"2313 Michael Mountains, South Valerie, SD 20747",FALSE,hailey_sanders@example.com,9439494871,individual,Lake Jennifer,Bolivia,1036
Angela Garcia,417,"40773 Allen Canyon Suite 191, Garzafort, TX 80188",TRUE,angela_garcia@example.com,9050149307,organization,Gutierrezfurt,Honduras,1286
"Bonilla, Williams and Green",151,"3104 Duarte Spurs Suite 948, Christopherchester, MD 11539",TRUE,bonilla_williams_and_green@example.com,6100409112,individual,Lynchfort,French Polynesia,1196
Justin Peck,139,"3702 Alicia Radial, East Glendaberg, PR 35944",FALSE,justin_peck@example.com,3891848189,organization,South Jeffrey,Taiwan,1226
Young-Hancock,197,"382 Katie Mountain Apt. 490, Delgadoview, AS 83012",FALSE,young-hancock@example.com,8925012686,individual,Port Lisa,Switzerland,1329
Michael Navarro,491,"64980 Scott Cliffs Suite 230, South Rachelberg, CA 65068",FALSE,michael_navarro@example.com,5004309575,individual,Erinville,Norfolk Island,1248
"Armstrong, Howard and Perry",175,"073 Clark Street Suite 726, Katherineborough, OK 93106",FALSE,armstrong_howard_and_perry@example.com,3949606845,organization,West Derekmouth,Belize,1238
"Silva, Rodriguez and Garcia",395,"2556 Jason Spring Suite 120, Port Michael, DE 62806",TRUE,silva_rodriguez_and_garcia@example.com,9897613896,individual,Michaelland,Guyana,1268
Mitchell-Smith,167,"22886 Kristen Plains Suite 075, Samanthaberg, MT 30742",FALSE,mitchell-smith@example.com,6995899031,organization,Galvanmouth,Saint Lucia,1145
Valdez-Wilkinson,438,"6706 Wong Estate Apt. 607, Sheritown, CT 04877",TRUE,valdez-wilkinson@example.com,3556482162,individual,Butlerburgh,Jordan,1048
Hobbs-Henry,332,"1672 Katie Shores, Marktown, SC 49193",FALSE,hobbs-henry@example.com,6166721249,organization,West Ashley,Jersey,1103
Maria Hunter,233,"5926 Teresa Crest, South Frederickmouth, KY 15755",FALSE,maria_hunter@example.com,7095905655,organization,Alexisview,Greenland,1050
Christina Johnson,199,"2621 Brian Ford Suite 128, Jonesstad, OH 82464",TRUE,christina_johnson@example.com,9863886883,individual,West Taylor,Sierra Leone,1129
Lisa Frye,260,"159 Jason Garden Apt. 921, West Joseph, OK 97299",FALSE,lisa_frye@example.com,8926292451,organization,Grimesstad,Iran,1144
"Medina, Harrell and Whitaker",232,"143 Romero Throughway Apt. 630, New Henryville, AZ 94270",TRUE,medina_harrell_and_whitaker@example.com,8743791622,organization,Brownville,Cyprus,1318
"Roach, Campbell and Larson",253,"6272 James Union Suite 678, East Caitlin, AK 83599",FALSE,roach_campbell_and_larson@example.com,7404338989,individual,East Heatherside,Madagascar,1170
"Ritter, Sanders and Barber",113,"99348 Levy Viaduct, Cookshire, MA 10131",TRUE,ritter_sanders_and_barber@example.com,3337841270,organization,South Keith,United States Minor Outlying Islands,1240
Rachael Parks,349,"Unit 7627 Box 9313, DPO AE 09307",TRUE,rachael_parks@example.com,3167037429,individual,East Jacquelineland,Uruguay,1193
Tina Zamora,489,"44695 Joel Stravenue, North Andre, PR 43642",TRUE,tina_zamora@example.com,6669828674,organization,South Josephport,Mozambique,1252
"Austin, Lee and Mckay",402,"3404 Jill Mews, Port David, NY 16462",FALSE,austin_lee_and_mckay@example.com,9500560789,organization,West Vanessashire,Guatemala,1248
Evan Neal,289,"19445 Garcia Tunnel, Mcgeeberg, SC 51675",TRUE,evan_neal@example.com,4264048236,organization,North Angelachester,Mauritius,1280
"Garrett, Smith and Chapman",247,"4853 Brown Spurs Suite 729, Martinborough, GU 66912",TRUE,garrett_smith_and_chapman@example.com,3898327663,organization,Robertton,Guinea-Bissau,1298
Bradley-Collins,214,"5177 Jason Parkways Apt. 214, West Patriciaberg, OK 90220",FALSE,bradley-collins@example.com,7315253275,organization,Smithport,Brunei Darussalam,1210
Christina Robinson,378,"7795 Jonathan Lock, Lopezstad, OR 07307",FALSE,christina_robinson@example.com,6177297659,organization,Port Jody,Wallis and Futuna,1203
Dennis Johnson,169,"297 Martinez Fort Suite 999, Lake Caitlinburgh, OH 12415",TRUE,dennis_johnson@example.com,9322557460,individual,Lake Jacob,Japan,1081
Wilson-Phillips,382,"420 Michael Unions Apt. 224, Port Jefferybury, KY 48109",FALSE,wilson-phillips@example.com,5057711465,individual,Lake Juliashire,Puerto Rico,1256
Singh and Sons,404,"555 Maria Mills Suite 098, Deanview, CA 90347",TRUE,singh_and_sons@example.com,8189271335,individual,Johnfurt,Vanuatu,1094
William Allen,344,"94796 Robertson Locks, Castanedashire, AL 91526",TRUE,william_allen@example.com,2338739035,individual,Port Carrie,Romania,1099
Lee Inc,446,"583 Hernandez Drive Apt. 762, Rushland, MH 24228",TRUE,lee_inc@example.com,6609612622,organization,West Stevenburgh,Venezuela,1141
"Bailey, Roach and Sanchez",239,"55968 Conley Spurs, Port Samanthatown, FL 95339",TRUE,bailey_roach_and_sanchez@example.com,1240358418,organization,Daviesland,Western Sahara,1342
Kyle Nixon,164,"68960 David Coves Apt. 344, East Toddport, VA 30778",TRUE,kyle_nixon@example.com,1358935251,organization,Lanehaven,Ecuador,1378
Angel Lane,231,"69002 Mcconnell Meadows, New Bonnie, IL 28925",FALSE,angel_lane@example.com,8782350441,organization,Sanderschester,Ethiopia,1238
Gene Larson,427,"559 Gene Expressway Suite 478, Vanessachester, MS 79437",TRUE,gene_larson@example.com,8402434890,individual,North Amy,Mali,1165
Joyce PLC,154,"PSC 7789, Box 7947, APO AA 76655",TRUE,joyce_plc@example.com,7798550629,organization,Lewismouth,Eritrea,1319
Dana James,342,"8501 Alexis Curve Suite 406, West Jesse, VA 17236",FALSE,dana_james@example.com,4186592828,individual,South Toni,El Salvador,1324
Mark Smith,243,"17932 Walters Ramp, Mooreborough, PA 01803",TRUE,mark_smith@example.com,3959873392,organization,Morganland,Pitcairn Islands,1330
Brown-Watson,317,"6822 Riley Glens Suite 954, Kristinafurt, CO 57590",FALSE,brown-watson@example.com,4175059850,organization,New Matthewport,Guinea-Bissau,1117
"Davis, Friedman and Campbell",225,"USS Brown, FPO AP 18463",FALSE,davis_friedman_and_campbell@example.com,5212314408,organization,Devinmouth,Hungary,1211
Mitchell Inc,353,"92216 Mahoney Burg, Bairdview, DC 88679",TRUE,mitchell_inc@example.com,8653294971,organization,Castroside,Angola,1292
Carol King,223,"5923 Woods Streets Apt. 349, North Sara, HI 07425",FALSE,carol_king@example.com,8121935505,organization,North Tylerport,Saint Pierre and Miquelon,1195
Mrs. Catherine Stevenson,299,"686 Franklin Summit, East Michael, AZ 18786",FALSE,mrs_catherine_stevenson@example.com,1289314495,organization,Mcdonaldhaven,Senegal,1001
Moore LLC,203,"8874 Carla Mews, Hudsonton, OH 75410",FALSE,moore_llc@example.com,4988303520,individual,Bentleyland,Ukraine,1248
"Hutchinson, Mathis and Salazar",211,"6108 Romero Land Suite 717, West Austin, AR 98491",TRUE,hutchinson_mathis_and_salazar@example.com,8413548870,individual,Smithfurt,Myanmar,1207
Benjamin Watson,244,"63251 Randall Harbor Apt. 854, Codyland, NH 09527",TRUE,benjamin_watson@example.com,6297085914,organization,Natalietown,Sweden,1029
"Wong, Banks and Brennan",208,"524 Jeffrey Run, Rebeccaport, SD 36431",TRUE,wong_banks_and_brennan@example.com,9803475813,individual,East Benjaminhaven,Tunisia,1289
"Barnett, Maxwell and Melton",277,"789 Anna Light, Mcclureburgh, KY 36382",FALSE,barnett_maxwell_and_melton@example.com,5213892939,individual,South Nicholasland,Panama,1221
